{
  "spheres": {
    "panda_link0": {
      "centers": [
        [
          -0.08148427942362202,
          -0.0350227941689633,
          0.051074359691669464
        ],
        [
          -0.08124820412026998,
          0.035464422188404086,
          0.049057966128092156
        ],
        [
          0.008813393162791294,
          0.008089684781671463,
          0.02453286117196448
        ],
        [
          -0.011827302409333953,
          0.0072010406250933015,
          0.09200346652350522
        ]
      ],
      "radii": [
        0.08654092518588985,
        0.08493797680058747,
        0.09815936095134453,
        0.0843158541590533
      ]
    },
    "panda_link1": {
      "centers": [
        [
          0.004065247226344207,
          -0.028137991414711155,
          -0.11446308428714307
        ],
        [
          0.004568355223573339,
          0.014596248024875455,
          -0.13248839232332016
        ],
        [
          0.004512905864375482,
          -0.07280612171942415,
          -0.030092539601408806
        ],
        [
          0.0008558909985896968,
          -0.025442605622501755,
          -0.01284306761306864
        ]
      ],
      "radii": [
        0.0840152490229168,
        0.08298846866122846,
        0.0809250643653666,
        0.07817574075138872
      ]
    },
    "panda_link2": {
      "centers": [
        [
          0.0005835065638495323,
          -0.12330080762879521,
          -0.012736682117413932
        ],
        [
          -0.005623431152592768,
          -0.1436544134474123,
          0.02898776227510218
        ],
        [
          0.0010311944999963846,
          -0.01596642786973171,
          0.026034894484146164
        ],
        [
          -0.0007583672943086974,
          -0.02919036272407548,
          0.07657676710956635
        ]
      ],
      "radii": [
        0.08229582964800625,
        0.08353384937153396,
        0.07753707142040916,
        0.07964868781165747
      ]
    },
    "panda_link3": {
      "centers": [
        [
          0.01548778318321982,
          0.015906639588927636,
          -0.09392190039863706
        ],
        [
          -0.0015434667242962036,
          -0.0039845197041169355,
          -0.057950373744191035
        ],
        [
          0.0780934920399229,
          0.018391025869830106,
          -0.006942711777172653
        ],
        [
          0.06563110257040473,
          0.062452828331555826,
          -0.01532959802310665
        ]
      ],
      "radii": [
        0.07683513663484805,
        0.07721785930552247,
        0.07406367628205175,
        0.07363718356553554
      ]
    },
    "panda_link4": {
      "centers": [
        [
          -0.09221577041809902,
          0.06747338388708768,
          -0.009543487337496336
        ],
        [
          -0.06799848256796713,
          0.09381116004440397,
          0.01675036833061774
        ],
        [
          -0.009365013706863691,
          0.0031153150749524145,
          0.01905444277074025
        ],
        [
          -0.012354493951393777,
          0.017169934192411015,
          0.06299102246153386
        ]
      ],
      "radii": [
        0.07489218935469034,
        0.07639303654414314,
        0.07363698473045163,
        0.07276063006070191
      ]
    },
    "panda_link5": {
      "centers": [
        [
          0.002642060488146544,
          0.00017968756807357818,
          -0.21163652363309307
        ],
        [
          -0.0038004076589462,
          0.03170644741317989,
          -0.15024145241400008
        ],
        [
          3.115501995548447e-05,
          0.052767307405490634,
          -0.07108224522728922
        ],
        [
          -0.0038934051476348106,
          0.048488593523741325,
          0.002723210605081643
        ],
        [
          -0.003076893388429246,
          0.0909147452825378,
          -0.00909521565553924
        ]
      ],
      "radii": [
        0.07247687490607102,
        0.07979689667456227,
        0.08060021105212194,
        0.06075986231738336,
        0.060839017026312614
      ]
    },
    "panda_link6": {
      "centers": [
        [
          0.020216715033704005,
          0.009464750467869987,
          0.009377595236700979
        ],
        [
          0.08629131969427464,
          -0.020468709260432205,
          0.0015124611229383074
        ],
        [
          0.07402831960844086,
          0.03369506689205858,
          0.006285652041058326
        ]
      ],
      "radii": [
        0.07222144233663487,
        0.05716581522059205,
        0.059159140447813334
      ]
    },
    "panda_link7": {
      "centers": [
        [
          -0.02563280428045478,
          0.004381723184517731,
          0.073328939570229
        ],
        [
          0.006291822914693566,
          -0.02652337541598437,
          0.07528594270038645
        ],
        [
          0.0148218599681817,
          0.044096882623886696,
          0.08154379145353327
        ],
        [
          0.04738465802378233,
          0.023686295449018336,
          0.07977785018310443
        ]
      ],
      "radii": [
        0.04317546509164699,
        0.041398629468999235,
        0.04555681697113411,
        0.043146602438871154
      ]
    },
    "panda_hand": {
      "centers": [
        [
          0.0033797084501345012,
          -0.06596568106768598,
          0.031429395414585545
        ],
        [
          -0.000573712071140178,
          -0.03691725556814255,
          0.01119415660112933
        ],
        [
          -0.0004275792003879909,
          0.025514302399886002,
          0.025028937162733002
        ],
        [
          -0.0011243762145944146,
          0.07437813837615227,
          0.01640131849186038
        ],
        [
          0.0004107387114385163,
          0.06423322771943657,
          0.051117400624394786
        ]
      ],
      "radii": [
        0.055056486986426484,
        0.05923319564969845,
        0.05119536093047039,
        0.03455777121935024,
        0.038275966122414316
      ]
    },
    "panda_leftfinger": {
      "centers": [
        [
          0.0005093768478557689,
          0.014842187496367277,
          0.003496076448313416
        ],
        [
          -0.0006695143278542628,
          0.019546897385729334,
          0.015203293235911904
        ],
        [
          0.0008737291535947644,
          0.011007975248745288,
          0.0396423363859379
        ]
      ],
      "radii": [
        0.015464263475640169,
        0.014171055416686786,
        0.01782150922311012
      ]
    },
    "panda_rightfinger": {
      "centers": [
        [
          0.0005093768478557689,
          -0.01523383494001671,
          0.0035264132769833294
        ],
        [
          -0.0006695143278542628,
          -0.00878239062189687,
          0.014369479552953802
        ],
        [
          0.0008737291535947644,
          -0.013455964243757858,
          0.039831956473932124
        ]
      ],
      "radii": [
        0.015464263475640169,
        0.014171055416686786,
        0.01782150922311012
      ]
    }
  }
}