{
  "panda_link0": {
    "centers": [
      [
        -0.08236869518696086,
        -0.03370713226418276,
        0.04948437514442499
      ],
      [
        -0.07731186277140444,
        0.045040344818832095,
        0.034716816932545684
      ],
      [
        0.010861080574539573,
        0.0077071340434878705,
        0.017564186168740083
      ],
      [
        -0.012658215918847977,
        -0.005001079962499537,
        0.09287818947970398
      ]
    ],
    "radii": [
      0.08505292069515623,
      0.08522077143295163,
      0.0979057387297228,
      0.08394883797694297
    ]
  },
  "panda_link1": {
    "centers": [
      [
        0.005146169597941697,
        -0.030589985376634692,
        -0.12023928540373514
      ],
      [
        0.0033306188439530915,
        0.014912313215687948,
        -0.1307267922933551
      ],
      [
        -2.6371278477406793e-05,
        -0.0773538403990776,
        -0.031073152722722725
      ],
      [
        -0.002339830430826799,
        -0.025430665660650296,
        -0.014500418193266296
      ]
    ],
    "radii": [
      0.08161371260800544,
      0.08345577989916586,
      0.08120507185362372,
      0.07659400589264073
    ]
  },
  "panda_link2": {
    "centers": [
      [
        -0.0025329192522741332,
        -0.13135148945380318,
        -0.015433481196137168
      ],
      [
        0.001400748942668578,
        -0.13566954884492097,
        0.03386196094900656
      ],
      [
        0.002354486119052599,
        -0.013380273864138576,
        0.023755631265108143
      ],
      [
        0.0029112262698348422,
        -0.02878049257406282,
        0.07416010995697599
      ]
    ],
    "radii": [
      0.08377523639172425,
      0.07981537684997538,
      0.07770301760518081,
      0.07972058256253912
    ]
  },
  "panda_link3": {
    "centers": [
      [
        -0.007432269067046953,
        0.011893900290629094,
        -0.058103320545035024
      ],
      [
        0.030634238427351537,
        0.007806507726637628,
        -0.08587546609734328
      ],
      [
        0.08107855023213097,
        0.020228926511514186,
        -0.0050908577611021855
      ],
      [
        0.06256249116461722,
        0.06457272930700046,
        -0.01273236828088708
      ]
    ],
    "radii": [
      0.0791205544264676,
      0.07759566050882244,
      0.07228554186648925,
      0.07364488635162991
    ]
  },
  "panda_link4": {
    "centers": [
      [
        -0.005749917773041822,
        0.003434394543296723,
        0.019823354502661265
      ],
      [
        -0.012225188007296404,
        0.017114709349911467,
        0.06346873604367378
      ],
      [
        -0.07921617493844711,
        0.059140913926175376,
        -0.00825101680480815
      ],
      [
        -0.06423123292272037,
        0.08453568902011621,
        0.022291636776552968
      ]
    ],
    "radii": [
      0.07336732225080016,
      0.07215812453261253,
      0.07795303549910516,
      0.07715213083573737
    ]
  },
  "panda_link5": {
    "centers": [
      [
        -0.02250561928874484,
        0.012480596316513631,
        -0.22085679224116023
      ],
      [
        0.012621103202990957,
        -0.009509125504583006,
        -0.21232544844720502
      ],
      [
        0.0016590219891329922,
        0.028680476204090453,
        -0.15236801296191976
      ],
      [
        0.0017762641642226707,
        0.04979693608173351,
        -0.07237014274498962
      ],
      [
        -0.004800476461143092,
        0.05917648103206366,
        -0.005402772361042857
      ]
    ],
    "radii": [
      0.06876871299997801,
      0.06865758189583365,
      0.07884735085976305,
      0.0768397854486392,
      0.07329038566187858
    ]
  },
  "panda_link6": {
    "centers": [
      [
        0.019758452650094127,
        0.010577332333369539,
        0.005417097863531493
      ],
      [
        0.08524801964654274,
        -0.021341281810214035,
        -0.000610199081667396
      ],
      [
        0.07352891316947802,
        0.03342154611565809,
        0.007125527900627865
      ]
    ],
    "radii": [
      0.07210093665809895,
      0.057465644117641795,
      0.0601336558499288
    ]
  },
  "panda_link7": {
    "centers": [
      [
        0.0015016380412925323,
        -0.024538334451743644,
        0.07715706001986024
      ],
      [
        -0.025950480167433832,
        0.005576237724341161,
        0.07286333225421998
      ],
      [
        0.021399124749758115,
        0.04681077945065046,
        0.0790637937629439
      ],
      [
        0.047883771002189116,
        0.02164045895810207,
        0.07971795981975335
      ]
    ],
    "radii": [
      0.04147677958977739,
      0.04257618006291913,
      0.04227375797371293,
      0.04291813329771528
    ]
  },
  "panda_hand": {
    "centers": [
      [
        0.0007622737684619288,
        -0.08832783486077733,
        0.01210122589343491
      ],
      [
        0.002100430248821907,
        -0.06199262646659654,
        0.05590016424082022
      ],
      [
        -0.0026099546117630606,
        -0.03264638649619045,
        0.017744698409846157
      ],
      [
        -0.0005173541280699867,
        0.02344491164617222,
        0.02602260979052143
      ],
      [
        -0.0003809946846639032,
        0.06466440645633416,
        0.034783454758230296
      ]
    ],
    "radii": [
      0.03698780564791936,
      0.03922926089896621,
      0.05653591504916328,
      0.05136881351770501,
      0.04785458681503431
    ]
  },
  "panda_leftfinger": {
    "centers": [
      [
        0.0006344228341141594,
        0.013656993336039529,
        0.0026006363357053627
      ],
      [
        0.000902975013216348,
        0.021067723222349077,
        0.013657132832747136
      ],
      [
        0.0007762884735264513,
        0.011064815141568802,
        0.039531143000195466
      ]
    ],
    "radii": [
      0.015138778565115972,
      0.014757614868802837,
      0.01809287907802411
    ]
  },
  "panda_rightfinger": {
    "centers": [
      [
        0.0006344228341141594,
        -0.016542785034561393,
        0.002824168417312584
      ],
      [
        0.000902975013216348,
        -0.0075178069155454955,
        0.012607562623222043
      ],
      [
        0.0007762884735264513,
        -0.013416925596007021,
        0.03971333638106907
      ]
    ],
    "radii": [
      0.015138778565115972,
      0.014757614868802837,
      0.01809287907802411
    ]
  }
}