{
  "spheres": {
    "panda_link0": {
      "centers": [
        [
          -0.04490804299712181,
          -0.0042209443636238575,
          0.053692176938056946
        ]
      ],
      "radii": [
        0.12248778343200684
      ]
    },
    "panda_link1": {
      "centers": [
        [
          -0.002641350729390979,
          -0.01061166636645794,
          -0.12311410903930664
        ],
        [
          0.0005178889841772616,
          -0.0535084567964077,
          -0.025361230596899986
        ]
      ],
      "radii": [
        0.08983132988214493,
        0.09004433453083038
      ]
    },
    "panda_link2": {
      "centers": [
        [
          -0.0006585762021131814,
          -0.1262945532798767,
          0.011990233324468136
        ],
        [
          0.0006686850683763623,
          -0.013989207334816456,
          0.044515930116176605
        ]
      ],
      "radii": [
        0.08932987600564957,
        0.08885124325752258
      ]
    },
    "panda_link3": {
      "centers": [
        [
          0.009873973205685616,
          0.0015429987106472254,
          -0.06837397813796997
        ],
        [
          0.0703602209687233,
          0.03817594423890114,
          -0.007040698546916246
        ]
      ],
      "radii": [
        0.08020652830600739,
        0.0802399292588234
      ]
    },
    "panda_link4": {
      "centers": [
        [
          -0.010191594250500202,
          0.007427508942782879,
          0.03872567042708397
        ],
        [
          -0.07295127213001251,
          0.07028424739837646,
          0.0021293896716088057
        ]
      ],
      "radii": [
        0.079714335501194,
        0.08097424358129501
      ]
    },
    "panda_link5": {
      "centers": [
        [
          -0.0003179914492648095,
          0.01507873460650444,
          -0.18613669276237488
        ],
        [
          -0.0016045983647927642,
          0.05885257571935654,
          -0.030428778380155563
        ]
      ],
      "radii": [
        0.09788675606250763,
        0.09771290421485901
      ]
    },
    "panda_link6": {
      "centers": [
        [
          0.056524064391851425,
          0.0003207178961019963,
          0.0028401052113622427
        ]
      ],
      "radii": [
        0.10105974972248077
      ]
    },
    "panda_link7": {
      "centers": [
        [
          -0.004943010397255421,
          -0.00038674272946082056,
          0.07495100796222687
        ],
        [
          0.0322081483900547,
          0.028943806886672974,
          0.08077972382307053
        ]
      ],
      "radii": [
        0.05078640207648277,
        0.05081629753112793
      ]
    },
    "panda_hand": {
      "centers": [
        [
          0.0020777976606041193,
          -0.046479515731334686,
          0.019281744956970215
        ],
        [
          0.0006378158577717841,
          0.04891642555594444,
          0.027524398639798164
        ]
      ],
      "radii": [
        0.06328492611646652,
        0.06053556874394417
      ]
    },
    "panda_leftfinger": {
      "centers": [
        [
          0.0008590019424445927,
          0.015099742449820042,
          0.010417364537715912
        ],
        [
          0.0006806505843997002,
          0.011002144776284695,
          0.03951559215784073
        ]
      ],
      "radii": [
        0.017388934269547462,
        0.01796363666653633
      ]
    },
    "panda_rightfinger": {
      "centers": [
        [
          -0.0005356803885661066,
          -0.014271430671215057,
          0.01115844864398241
        ],
        [
          0.000719695643056184,
          -0.01098095253109932,
          0.03927415609359741
        ]
      ],
      "radii": [
        0.017472151666879654,
        0.01799437403678894
      ]
    },
    "panda_link8": {
      "centers": [],
      "radii": []
    },
    "panda_hand_tcp": {
      "centers": [],
      "radii": []
    }
  },
  "ignore_pairs": [
    [
      "panda_hand",
      "panda_hand_tcp"
    ],
    [
      "panda_hand",
      "panda_leftfinger"
    ],
    [
      "panda_hand",
      "panda_link7"
    ],
    [
      "panda_hand",
      "panda_link8"
    ],
    [
      "panda_hand",
      "panda_rightfinger"
    ],
    [
      "panda_link0",
      "panda_link1"
    ],
    [
      "panda_link1",
      "panda_link2"
    ],
    [
      "panda_link2",
      "panda_link3"
    ],
    [
      "panda_link3",
      "panda_link4"
    ],
    [
      "panda_link4",
      "panda_link5"
    ],
    [
      "panda_link5",
      "panda_link6"
    ],
    [
      "panda_link6",
      "panda_link7"
    ],
    [
      "panda_link7",
      "panda_link8"
    ]
  ]
}